{"cameraMode":{"drawMode":0,"name":"Shaded","section":"Shading Mode"},"sceneLighting":true,"audioPlay":false,"sceneViewState":{"m_AlwaysRefresh":false,"showFog":true,"showSkybox":true,"showFlares":true,"showImageEffects":true,"showParticleSystems":true,"showVisualEffectGraphs":true,"m_FxEnabled":true},"in2DMode":false,"pivot":{"x":-0.32643604278564455,"y":-0.019148826599121095,"z":-0.10914230346679688},"rotation":{"x":0.029535483568906785,"y":0.9577097296714783,"z":-0.10646338760852814,"w":0.2656886577606201},"size":10.618138313293457,"orthographic":false}